{
  "tvl": {
    "translation_en_to_tvl": {
      "count": 5,
      "chrf_pp": 70.80550648216936,
      "bleu": 55.97623131607128,
      "exact_match": 0.0,
      "by_domain": {
        "book": {
          "count": 5,
          "chrf_pp": 70.80550648216936,
          "bleu": 55.97623131607128,
          "exact_match": 0.0
        }
      }
    },
    "translation_tvl_to_en": {
      "count": 5,
      "chrf_pp": 60.32274059354823,
      "bleu": 40.95126696419608,
      "exact_match": 0.2,
      "by_domain": {
        "book": {
          "count": 5,
          "chrf_pp": 60.32274059354823,
          "bleu": 40.95126696419608,
          "exact_match": 0.2
        }
      }
    },
    "textbook_en_to_tvl": {
      "count": 5,
      "chrf_pp": 39.860502513711054,
      "bleu": 10.202072072633488,
      "exact_match": 0.2,
      "by_domain": {
        "tepapa_activity": {
          "count": 2,
          "chrf_pp": 20.756233723415683,
          "bleu": 40.82482904638629,
          "exact_match": 0.5
        },
        "childrens_book": {
          "count": 3,
          "chrf_pp": 40.225558431552436,
          "bleu": 10.245918200326923,
          "exact_match": 0.0
        }
      }
    },
    "textbook_tvl_to_en": {
      "count": 5,
      "chrf_pp": 35.939391197169186,
      "bleu": 13.162331826405557,
      "exact_match": 0.0,
      "by_domain": {
        "childrens_book": {
          "count": 2,
          "chrf_pp": 40.02642191512246,
          "bleu": 14.100784539062142,
          "exact_match": 0.0
        },
        "tepapa_activity": {
          "count": 3,
          "chrf_pp": 10.44676897745414,
          "bleu": 0.0,
          "exact_match": 0.0
        }
      }
    },
    "chat_tvl": {
      "count": 4,
      "chrf_pp": 22.344240237666092,
      "bleu": 2.436748782701133,
      "exact_match": 0.0,
      "by_source": {
        "crosslingual": {
          "count": 2,
          "chrf_pp": 22.38462015565057,
          "bleu": 2.354353228995915,
          "exact_match": 0.0
        },
        "synthetic_tvl": {
          "count": 2,
          "chrf_pp": 19.56252737993791,
          "bleu": 8.310415003234633,
          "exact_match": 0.0
        }
      }
    },
    "qa_tvl": {
      "count": 2,
      "chrf_pp": 23.976246294444724,
      "bleu": 3.90492492115032,
      "exact_match": 0.0,
      "by_source": {
        "crosslingual": {
          "count": 1,
          "chrf_pp": 32.01112171756045,
          "bleu": 10.126442477235681,
          "exact_match": 0.0
        },
        "synthetic_tvl": {
          "count": 1,
          "chrf_pp": 4.62962962962963,
          "bleu": 0.0,
          "exact_match": 0.0
        }
      }
    },
    "summarization_tvl": {
      "count": 2,
      "chrf_pp": 27.90503334791387,
      "bleu": 3.3470585334394123,
      "exact_match": 0.0,
      "by_source": {
        "synthetic_tvl": {
          "count": 2,
          "chrf_pp": 27.90503334791387,
          "bleu": 3.3470585334394123,
          "exact_match": 0.0
        }
      }
    }
  },
  "tvl-stage-a": {
    "translation_en_to_tvl": {
      "count": 5,
      "chrf_pp": 53.31235614142914,
      "bleu": 17.474064833824947,
      "exact_match": 0.0,
      "by_domain": {
        "book": {
          "count": 5,
          "chrf_pp": 53.31235614142914,
          "bleu": 17.474064833824947,
          "exact_match": 0.0
        }
      }
    },
    "translation_tvl_to_en": {
      "count": 5,
      "chrf_pp": 43.80126686683487,
      "bleu": 11.364324525188692,
      "exact_match": 0.0,
      "by_domain": {
        "book": {
          "count": 5,
          "chrf_pp": 43.80126686683487,
          "bleu": 11.364324525188692,
          "exact_match": 0.0
        }
      }
    },
    "textbook_en_to_tvl": {
      "count": 5,
      "chrf_pp": 18.872804218519246,
      "bleu": 0.3504106613010515,
      "exact_match": 0.0,
      "by_domain": {
        "childrens_book": {
          "count": 3,
          "chrf_pp": 23.651175283673346,
          "bleu": 0.5496308274037709,
          "exact_match": 0.0
        },
        "tepapa_activity": {
          "count": 2,
          "chrf_pp": 0.667245261055994,
          "bleu": 0.0,
          "exact_match": 0.0
        }
      }
    },
    "textbook_tvl_to_en": {
      "count": 5,
      "chrf_pp": 13.824626145855682,
      "bleu": 1.5040475558749562,
      "exact_match": 0.0,
      "by_domain": {
        "tepapa_activity": {
          "count": 3,
          "chrf_pp": 1.2395387587786935,
          "bleu": 0.055898555239264285,
          "exact_match": 0.0
        },
        "childrens_book": {
          "count": 2,
          "chrf_pp": 23.29575113861791,
          "bleu": 3.656688976134265,
          "exact_match": 0.0
        }
      }
    },
    "chat_tvl": {
      "count": 4,
      "chrf_pp": 10.353021771386954,
      "bleu": 0.9107111926260505,
      "exact_match": 0.0,
      "by_source": {
        "synthetic_tvl": {
          "count": 2,
          "chrf_pp": 1.5892511843063803,
          "bleu": 0.08833043001858623,
          "exact_match": 0.0
        },
        "crosslingual": {
          "count": 2,
          "chrf_pp": 12.57722425338914,
          "bleu": 1.1424997484945922,
          "exact_match": 0.0
        }
      }
    },
    "qa_tvl": {
      "count": 2,
      "chrf_pp": 5.564682405477521,
      "bleu": 0.1851915363092193,
      "exact_match": 0.0,
      "by_source": {
        "synthetic_tvl": {
          "count": 1,
          "chrf_pp": 2.508020843775192,
          "bleu": 0.26093389428531627,
          "exact_match": 0.0
        },
        "crosslingual": {
          "count": 1,
          "chrf_pp": 9.136507645782515,
          "bleu": 0.3459617148491742,
          "exact_match": 0.0
        }
      }
    },
    "summarization_tvl": {
      "count": 2,
      "chrf_pp": 11.978457800047208,
      "bleu": 0.13512195954931494,
      "exact_match": 0.0,
      "by_source": {
        "synthetic_tvl": {
          "count": 2,
          "chrf_pp": 11.978457800047208,
          "bleu": 0.13512195954931494,
          "exact_match": 0.0
        }
      }
    }
  }
}